"naptan_id","name","line_ids","modes"
"940GZZDLABR","Abbey Road","dlr","dlr"
"910GABWDXR","Abbey Wood","elizabeth","elizabeth-line"
"HUBABW","Abbey Wood","elizabeth,southeastern,thameslink","elizabeth-line,national-rail"
"9100ABWDXR0","Abbey Wood Station","elizabeth","elizabeth-line"
"9100ABWDXR1","Abbey Wood Station","elizabeth","elizabeth-line"
"910GACTNCTL","Acton Central","mildmay","overground"
"9100ACTNCTL0","Acton Central Station","mildmay","overground"
"9100ACTNCTL1","Acton Central Station","mildmay","overground"
"910GACTONML","Acton Main Line","elizabeth,great-western-railway","elizabeth-line,national-rail"
"9100ACTONML0","Acton Main Line Station","elizabeth,great-western-railway","elizabeth-line,national-rail"
"940GZZLUACT","Acton Town","district,piccadilly","tube"
"940GZZLUALD","Aldgate","circle,metropolitan","tube"
"940GZZLUADE","Aldgate East","district,hammersmith-city","tube"
"940GZZDLALL","All Saints","dlr","dlr"
"940GZZLUALP","Alperton","piccadilly","tube"
"940GZZLUAMS","Amersham","metropolitan","tube"
"HUBAMR","Amersham","chiltern-railways,metropolitan","bus,national-rail,tube"
"910GANERLEY","Anerley","southern,windrush","national-rail,overground"
"9100ANERLEY0","Anerley Station","southern,windrush","national-rail,overground"
"9100ANERLEY1","Anerley Station","southern,windrush","national-rail,overground"
"940GZZLUAGL","Angel","northern","tube"
"9400ZZLUAGL2","Angel Station","northern","tube"
"940GZZLUACY","Archway","northern","tube"
"9400ZZLUACY2","Archway Station","northern","tube"
"940GZZLUASG","Arnos Grove","piccadilly","tube"
"940GZZLUASL","Arsenal","piccadilly","tube"
"940GZZLUBST","Baker Street","bakerloo,circle,hammersmith-city,jubilee,metropolitan","tube"
"940GZZLUBLM","Balham","northern","tube"
"HUBBAL","Balham","northern,southern","bus,national-rail,tube"
"9400ZZLUBLM2","Balham Station","northern","tube"
"9400ZZDLBNK2","Bank","dlr","dlr"
"940GZZDLBNK","Bank","dlr","dlr"
"940GZZLUBNK","Bank","central,northern,waterloo-city","tube"
"HUBBAN","Bank","133,141,21,25,26,43,8,central,dlr,n21,n242,n25,n26,n550,n551,n8,northern,waterloo-city","bus,dlr,tube"
"940GZZLUBBN","Barbican","circle,hammersmith-city,metropolitan","tube"
"910GBARKING","Barking","c2c,suffragette","national-rail,overground"
"940GZZLUBKG","Barking","district,hammersmith-city","tube"
"HUBBKG","Barking","c2c,district,hammersmith-city,suffragette","bus,national-rail,overground,tube"
"910GBARKRIV","Barking Riverside","suffragette","overground"
"9100BARKRIV1","Barking Riverside Station","suffragette","overground"
"9100BARKRIV2","Barking Riverside Station","suffragette","overground"
"9100BARKING1","Barking Station","c2c,suffragette","national-rail,overground"
"940GZZLUBKE","Barkingside","central","tube"
"940GZZLUBSC","Barons Court","district,piccadilly","tube"
"940GZZBPSUST","Battersea Power Station","northern","tube"
"940GZZLUBWT","Bayswater","circle,district","tube"
"940GZZDLBEC","Beckton","dlr","dlr"
"940GZZDLBPK","Beckton Park","dlr","dlr"
"940GZZLUBEC","Becontree","district","tube"
"940GZZLUBZP","Belsize Park","northern","tube"
"940GZZLUBMY","Bermondsey","jubilee","tube"
"9100BTHNLGR0","Bethnal Green","greater-anglia,weaver","national-rail,overground"
"9100BTHNLGR1","Bethnal Green","greater-anglia,weaver","national-rail,overground"
"910GBTHNLGR","Bethnal Green","greater-anglia,weaver","national-rail,overground"
"9400ZZLUBLG2","Bethnal Green","central","tube"
"940GZZLUBLG","Bethnal Green","central","tube"
"940GZZLUBKF","Blackfriars","circle,district","tube"
"HUBBFR","Blackfriars","40,63,circle,district,n63,n89,southeastern,thameslink","bus,national-rail,tube"
"910GBLCHSRD","Blackhorse Road","suffragette","overground"
"940GZZLUBLR","Blackhorse Road","victoria","tube"
"HUBBHO","Blackhorse Road","suffragette,victoria","bus,overground,tube"
"9100BLCHSRD0","Blackhorse Road Station","suffragette","overground"
"9100BLCHSRD1","Blackhorse Road Station","suffragette","overground"
"9400ZZLUBLR2","Blackhorse Road Station","victoria","tube"
"940GZZDLBLA","Blackwall","dlr","dlr"
"910GBONDST","Bond Street","elizabeth","elizabeth-line"
"940GZZLUBND","Bond Street","central,jubilee","tube"
"HUBBDS","Bond Street","central,elizabeth,jubilee","elizabeth-line,tube"
"9100BONDST0","Bond Street Station","elizabeth","elizabeth-line"
"9100BONDST1","Bond Street Station","elizabeth","elizabeth-line"
"9400ZZLUBND4","Bond Street Station","central","tube"
"940GZZLUBOR","Borough","northern","tube"
"940GZZLUBOS","Boston Manor","piccadilly","tube"
"9400ZZLUBDS2","Bounds Green","piccadilly","tube"
"940GZZLUBDS","Bounds Green","piccadilly","tube"
"940GZZDLBOW","Bow Church","dlr","dlr"
"940GZZLUBWR","Bow Road","district,hammersmith-city","tube"
"940GZZLUBTX","Brent Cross","northern","tube"
"9400ZZLUBTX2","Brent Cross Station","northern","tube"
"9100BRTWOOD1","Brentwood","elizabeth","elizabeth-line"
"9100BRTWOOD2","Brentwood","elizabeth","elizabeth-line"
"910GBRTWOOD","Brentwood","elizabeth","elizabeth-line"
"940GZZLUBXN","Brixton","victoria","tube"
"HUBBRX","Brixton","southeastern,victoria","bus,national-rail,tube"
"910GBROCKLY","Brockley","southern,windrush","national-rail,overground"
"9100BROCKLY0","Brockley Station","southern,windrush","national-rail,overground"
"9100BROCKLY1","Brockley Station","southern,windrush","national-rail,overground"
"940GZZLUBBB","Bromley-by-Bow","district,hammersmith-city","tube"
"910GBRBY","Brondesbury","mildmay","overground"
"910GBRBYPK","Brondesbury Park","mildmay","overground"
"9100BRBYPK0","Brondesbury Park Station","mildmay","overground"
"9100BRBYPK1","Brondesbury Park Station","mildmay","overground"
"9100BRBY0","Brondesbury Station","mildmay","overground"
"9100BRBY1","Brondesbury Station","mildmay","overground"
"910GBRUCGRV","Bruce Grove","greater-anglia,weaver","national-rail,overground"
"9100BRUCGRV0","Bruce Grove Station","greater-anglia,weaver","national-rail,overground"
"9100BRUCGRV1","Bruce Grove Station","greater-anglia,weaver","national-rail,overground"
"940GZZLUBKH","Buckhurst Hill","167,677,central,w14","bus,tube"
"9100BNHAM0","Burnham (Berks)","elizabeth","elizabeth-line"
"910GBNHAM","Burnham (Berks)","elizabeth,great-western-railway","elizabeth-line,national-rail"
"940GZZLUBTK","Burnt Oak","northern","tube"
"9400ZZLUBTK2","Burnt Oak Station","northern","tube"
"910GBHILLPK","Bush Hill Park","377,weaver","bus,overground"
"9100BHILLPK0","Bush Hill Park Station","weaver","overground"
"9100BHILLPK1","Bush Hill Park Station","weaver","overground"
"9100BUSHYDC1","Bushey","lioness","overground"
"9100BUSHYDC2","Bushey","lioness","overground"
"910GBUSHEY","Bushey","west-midlands-trains","national-rail,overground"
"910GBUSHYDC","Bushey","lioness","overground"
"HUBBSH","Bushey","142,258,lioness,west-midlands-trains","bus,national-rail,overground"
"940GZZLUCAR","Caledonian Road","piccadilly","tube"
"910GCLDNNRB","Caledonian Road & Barnsbury","mildmay","overground"
"9100CLDNNRB1","Caledonian Road & Barnsbury Station","mildmay","overground"
"9400ZZLUCAR2","Caledonian Road Station","piccadilly","tube"
"910GCAMHTH","Cambridge Heath (London)","greater-anglia,weaver","national-rail,overground"
"9100CAMHTH0","Cambridge Heath Station","greater-anglia,weaver","national-rail,overground"
"9100CAMHTH2","Cambridge Heath Station","greater-anglia,weaver","national-rail,overground"
"910GCMDNRD","Camden Road","mildmay","overground"
"9100CMDNRD0","Camden Road Station","mildmay","overground"
"9100CMDNRD1","Camden Road Station","mildmay","overground"
"940GZZLUCTN","Camden Town","northern","tube"
"910GCNDAW","Canada Water","windrush","overground"
"940GZZLUCWR","Canada Water","jubilee","tube"
"HUBZCW","Canada Water","1,188,199,225,381,47,c10,jubilee,n199,n381,p12,windrush","bus,overground,tube"
"9100CNDAW1","Canada Water Station","windrush","overground"
"9100CNDAW2","Canada Water Station","windrush","overground"
"9100CANWHRF0","Canary Wharf","elizabeth","elizabeth-line"
"9100CANWHRF1","Canary Wharf","elizabeth","elizabeth-line"
"910GCANWHRF","Canary Wharf","elizabeth","elizabeth-line"
"9400ZZLUCYF2","Canary Wharf","jubilee","tube"
"940GZZDLCAN","Canary Wharf","dlr","dlr"
"940GZZLUCYF","Canary Wharf","jubilee","tube"
"HUBCAW","Canary Wharf","135,277,d7,dlr,elizabeth,jubilee,n277,n550","bus,dlr,elizabeth-line,tube"
"940GZZDLCGT","Canning Town","dlr","dlr"
"940GZZLUCGT","Canning Town","jubilee","tube"
"HUBCAN","Canning Town","dlr,jubilee","bus,dlr,tube"
"940GZZLUCST","Cannon Street","circle,district","tube"
"HUBCST","Cannon Street","circle,district,southeastern","bus,national-rail,tube"
"910GCNNB","Canonbury","236,mildmay,windrush","bus,overground"
"9100CNNB1","Canonbury Station","windrush","overground"
"9100CNNB2","Canonbury Station","windrush","overground"
"9100CNNB3","Canonbury Station","mildmay","overground"
"9100CNNB4","Canonbury Station","mildmay","overground"
"940GZZLUCPK","Canons Park","jubilee","tube"
"9100CRPNDPK1","Carpenders Park","lioness","overground"
"9100CRPNDPK2","Carpenders Park","lioness","overground"
"910GCRPNDPK","Carpenders Park","lioness","overground"
"910GCHDWLHT","Chadwell Heath","elizabeth","elizabeth-line"
"9100CHDWLHT1","Chadwell Heath Station","elizabeth","elizabeth-line"
"940GZZLUCAL","Chalfont & Latimer","metropolitan","tube"
"HUBCFO","Chalfont & Latimer","chiltern-railways,metropolitan","bus,national-rail,tube"
"940GZZLUCFM","Chalk Farm","northern","tube"
"9400ZZLUCFM2","Chalk Farm Station","northern","tube"
"940GZZLUCHL","Chancery Lane","central","tube"
"940GZZLUCHX","Charing Cross","bakerloo,northern","tube"
"HUBCHX","Charing Cross","139,176,26,87,91,bakerloo,n155,n199,n21,n26,n343,n44,n87,n89,n91,northern,southeastern","bus,national-rail,tube"
"940GZZLUCSM","Chesham","metropolitan","tube"
"9100CHESHNT1","Cheshunt","greater-anglia,weaver","national-rail,overground"
"9100CHESHNT3","Cheshunt","weaver","overground"
"910GCHESHNT","Cheshunt","greater-anglia,weaver","national-rail,overground"
"940GZZLUCWL","Chigwell","167,667,677,central","bus,tube"
"910GCHINGFD","Chingford","weaver","overground"
"9100CHINGFD0","Chingford Station","weaver","overground"
"940GZZLUCWP","Chiswick Park","district","tube"
"940GZZLUCYD","Chorleywood","metropolitan","tube"
"HUBCLW","Chorleywood","chiltern-railways,metropolitan","bus,national-rail,tube"
"9400ZZLUCPC2","Clapham Common","northern","tube"
"940GZZLUCPC","Clapham Common","northern","tube"
"9100CLPHHS0","Clapham High Street","southeastern,windrush","national-rail,overground"
"9100CLPHHS1","Clapham High Street","windrush","overground"
"910GCLPHHS","Clapham High Street","southeastern,windrush","national-rail,overground"
"9100CLPHMJ1","Clapham Junction","mildmay,windrush","overground"
"910GCLPHMJ1","Clapham Junction","mildmay,windrush","overground"
"910GCLPHMJC","Clapham Junction","mildmay,south-western-railway,southern","national-rail,overground"
"HUBCLJ","Clapham Junction","170,219,295,319,337,344,345,35,37,39,49,639,670,77,c3,g1,mildmay,n19,n31,south-western-railway,southern,windrush","bus,national-rail,overground"
"9100CLPHMJC1","Clapham Junction Station","mildmay,southern","national-rail,overground"
"9400ZZLUCPN2","Clapham North","northern","tube"
"940GZZLUCPN","Clapham North","northern","tube"
"9400ZZLUCPS2","Clapham South","northern","tube"
"940GZZLUCPS","Clapham South","northern","tube"
"910GCLAPTON","Clapton","greater-anglia,weaver","national-rail,overground"
"9100CLAPTON0","Clapton Station","greater-anglia,weaver","national-rail,overground"
"9100CLAPTON1","Clapton Station","greater-anglia,weaver","national-rail,overground"
"940GZZLUCKS","Cockfosters","piccadilly","tube"
"940GZZLUCND","Colindale","northern","tube"
"9400ZZLUCND2","Colindale Station","northern","tube"
"940GZZLUCSD","Colliers Wood","northern","tube"
"9400ZZLUCSD2","Colliers Wood Station","northern","tube"
"940GZZLUCGN","Covent Garden","piccadilly","tube"
"940GZZDLCLA","Crossharbour","dlr","dlr"
"910GCROUCHH","Crouch Hill","suffragette","overground"
"9100CROUCHH0","Crouch Hill Station","suffragette","overground"
"9100CROUCHH1","Crouch Hill Station","suffragette","overground"
"940GZZLUCXY","Croxley","metropolitan","tube"
"910GCRYSTLP","Crystal Palace","southern,windrush","national-rail,overground"
"HUBCYP","Crystal Palace","southern,windrush","bus,national-rail,overground"
"9100CRYSTLP5","Crystal Palace Station","windrush","overground"
"910GCUSTMHS","Custom House","elizabeth","elizabeth-line"
"HUBCUS","Custom House","dlr,elizabeth","dlr,elizabeth-line"
"940GZZDLCUS","Custom House (for ExCel)","dlr","dlr"
"9100CUSTMHS0","Custom House Station","elizabeth","elizabeth-line"
"9100CUSTMHS1","Custom House Station","elizabeth","elizabeth-line"
"9400ZZDLCUS2","Custom House Station","dlr","dlr"
"HUBCUT","Cutty Sark","dlr","bus,dlr"
"940GZZDLCUT","Cutty Sark (for Maritime Greenwich)","dlr","dlr"
"9400ZZDLCUT2","Cutty Sark for Maritime Greenwich","dlr","dlr"
"940GZZDLCYP","Cyprus","dlr","dlr"
"940GZZLUDGE","Dagenham East","district","tube"
"940GZZLUDGY","Dagenham Heathway","district","tube"
"910GDALS","Dalston Junction","149,236,242,243,277,488,67,76,n242,windrush","bus,overground"
"9100DALS0","Dalston Junction Station","windrush","overground"
"910GDALSKLD","Dalston Kingsland","mildmay","overground"
"9100DALSKL1","Dalston Kingsland Station","mildmay","overground"
"9100DALSKLD0","Dalston Kingsland Station","mildmay","overground"
"940GZZLUDBN","Debden","central","tube"
"910GDENMRKH","Denmark Hill","southeastern,thameslink,windrush","national-rail,overground"
"9100DENMRKH1","Denmark Hill Station","southeastern,windrush","national-rail,overground"
"9100DENMRKH2","Denmark Hill Station","southeastern,thameslink,windrush","national-rail,overground"
"940GZZDLDEP","Deptford Bridge","dlr","dlr"
"940GZZDLDEV","Devons Road","dlr","dlr"
"940GZZLUDOH","Dollis Hill","jubilee","tube"
"9400ZZLUDOH2","Dollis Hill Station","jubilee","tube"
"910GEALINGB","Ealing Broadway","elizabeth,great-western-railway","elizabeth-line,national-rail"
"940GZZLUEBY","Ealing Broadway","central,district","tube"
"HUBEAL","Ealing Broadway","112,226,central,district,e1,e10,e9,elizabeth,great-western-railway","bus,elizabeth-line,national-rail,tube"
"9100EALINGB0","Ealing Broadway Station","elizabeth,great-western-railway","elizabeth-line,national-rail"
"9100EALINGB1","Ealing Broadway Station","elizabeth,great-western-railway","elizabeth-line,national-rail"
"940GZZLUECM","Ealing Common","district,piccadilly","tube"
"940GZZLUECT","Earl's Court","district,piccadilly","tube"
"940GZZLUEAN","East Acton","central","tube"
"940GZZLUEFY","East Finchley","northern","tube"
"940GZZLUEHM","East Ham","district,hammersmith-city","tube"
"940GZZDLEIN","East India","d3,dlr,n550,sl4","bus,dlr"
"940GZZLUEPY","East Putney","district","tube"
"940GZZLUEAE","Eastcote","metropolitan,piccadilly","tube"
"940GZZLUEGW","Edgware","northern","tube"
"940GZZLUERB","Edgware Road (Bakerloo)","bakerloo","tube"
"940GZZLUERC","Edgware Road (Circle Line)","circle,district,hammersmith-city","tube"
"910GEDMNGRN","Edmonton Green","greater-anglia,weaver","national-rail,overground"
"9100EDMNGRN0","Edmonton Green Station","greater-anglia,weaver","national-rail,overground"
"9100EDMNGRN1","Edmonton Green Station","greater-anglia,weaver","national-rail,overground"
"940GZZLUEAC","Elephant & Castle","bakerloo,northern","tube"
"HUBEPH","Elephant & Castle","1,172,188,363,415,453,53,63,bakerloo,bl1,n1,n53,n63,northern,southeastern,thameslink","bus,national-rail,tube"
"940GZZLUEPK","Elm Park","district","tube"
"9400ZZLUEPK2","Elm Park Station","district","tube"
"940GZZDLELV","Elverson Road","dlr","dlr"
"940GZZLUEMB","Embankment","bakerloo,circle,district,northern","tube"
"910GEMRSPKH","Emerson Park","liberty","overground"
"9100EMRSPKH0","Emerson Park Station","liberty","overground"
"910GENFLDTN","Enfield Town","weaver","overground"
"9100ENFLDTN0","Enfield Town Station","weaver","overground"
"940GZZLUEPG","Epping","central","tube"
"940GZZLUEUS","Euston","northern,victoria","tube"
"HUBEUS","Euston","1,30,68,91,avanti-west-coast,lioness,n20,n253,n5,n91,northern,victoria,west-midlands-trains","bus,national-rail,overground,tube"
"940GZZLUESQ","Euston Square","circle,hammersmith-city,metropolitan","tube"
"9100EUSTON0","Euston Station","avanti-west-coast,lioness,west-midlands-trains","national-rail,overground"
"940GZZLUFLP","Fairlop","central","tube"
"910GFRNDXR","Farringdon","elizabeth","elizabeth-line"
"940GZZLUFCN","Farringdon","circle,hammersmith-city,metropolitan","tube"
"HUBZFD","Farringdon","circle,elizabeth,hammersmith-city,metropolitan,thameslink","bus,elizabeth-line,national-rail,tube"
"9100FRNDXR0","Farringdon Station","elizabeth","elizabeth-line"
"9100FRNDXR1","Farringdon Station","elizabeth","elizabeth-line"
"940GZZLUFYC","Finchley Central","northern","tube"
"940GZZLUFYR","Finchley Road","jubilee,metropolitan","tube"
"910GFNCHLYR","Finchley Road & Frognal","mildmay","overground"
"9100FNCHLRY1","Finchley Road & Frognal Station","mildmay","overground"
"9100FNCHLYR0","Finchley Road & Frognal Station","mildmay","overground"
"940GZZLUFPK","Finsbury Park","piccadilly,victoria","tube"
"HUBFPK","Finsbury Park","106,153,19,236,253,254,259,29,310,4,great-northern,n19,n253,n279,n29,piccadilly,thameslink,victoria","bus,national-rail,tube"
"910GFRSTGT","Forest Gate","elizabeth","elizabeth-line"
"9100FRSTGT0","Forest Gate Station","elizabeth","elizabeth-line"
"9100FRSTGT1","Forest Gate Station","elizabeth","elizabeth-line"
"910GFORESTH","Forest Hill","southern,windrush","national-rail,overground"
"9100FORESTH0","Forest Hill Station","southern,windrush","national-rail,overground"
"9100FORESTH1","Forest Hill Station","southern,windrush","national-rail,overground"
"940GZZLUFBY","Fulham Broadway","district","tube"
"940GZZDLGAL","Gallions Reach","dlr","dlr"
"940GZZLUGTH","Gants Hill","central","tube"
"9400ZZLUGTH2","Gants Hill Station","central","tube"
"910GGIDEAPK","Gidea Park","elizabeth,greater-anglia","elizabeth-line,national-rail"
"9100GIDEAPK1","Gidea Park Station","elizabeth","elizabeth-line"
"940GZZLUGTR","Gloucester Road","circle,district,piccadilly","tube"
"940GZZLUGGN","Golders Green","northern","tube"
"940GZZLUGHK","Goldhawk Road","circle,hammersmith-city","tube"
"940GZZLUGDG","Goodge Street","northern","tube"
"9400ZZLUGDG2","Goodge Street Station","northern","tube"
"910GGODMAYS","Goodmayes","elizabeth","elizabeth-line"
"9100GODMAYS1","Goodmayes Station","elizabeth","elizabeth-line"
"9100GODMAYS2","Goodmayes Station","elizabeth","elizabeth-line"
"910GGOSPLOK","Gospel Oak","mildmay,suffragette","overground"
"9100GOSPLOK1","Gospel Oak Station","mildmay","overground"
"9100GOSPLOK2","Gospel Oak Station","suffragette","overground"
"9100GOSPLOK3","Gospel Oak Station","mildmay","overground"
"940GZZLUGGH","Grange Hill","462,central","bus,tube"
"940GZZLUGPS","Great Portland Street","circle,hammersmith-city,metropolitan","tube"
"940GZZLUGPK","Green Park","jubilee,piccadilly,victoria","tube"
"9400ZZLUGPK6","Green Park Station","piccadilly","tube"
"940GZZLUGFD","Greenford","central","tube"
"HUBGFD","Greenford","395,central,great-western-railway","bus,national-rail,tube"
"940GZZDLGRE","Greenwich","dlr","dlr"
"HUBGNW","Greenwich","dlr,southeastern,thameslink","bus,dlr,national-rail"
"910GGNRSBRY","Gunnersbury","mildmay","overground"
"940GZZLUGBY","Gunnersbury","district","tube"
"HUBGUN","Gunnersbury","district,mildmay","bus,overground,tube"
"9100GNRSBRY0","Gunnersbury Station","mildmay","overground"
"9400ZZLUGBY2","Gunnersbury Station","district","tube"
"910GHACKNYC","Hackney Central","mildmay","overground"
"9100HACKNYC1","Hackney Central Station","mildmay","overground"
"9100HACKNYC2","Hackney Central Station","mildmay","overground"
"910GHAKNYNM","Hackney Downs","greater-anglia,weaver","national-rail,overground"
"9100HAKNYNM1","Hackney Downs Station","greater-anglia,weaver","national-rail,overground"
"9100HAKNYNM2","Hackney Downs Station","greater-anglia,weaver","national-rail,overground"
"910GHACKNYW","Hackney Wick","mildmay","overground"
"9100HACKNYW0","Hackney Wick Station","mildmay","overground"
"9100HACKNYW1","Hackney Wick Station","mildmay","overground"
"910GHAGGERS","Haggerston","windrush","overground"
"9100HAGGERS0","Haggerston Station","windrush","overground"
"9100HAGGERS1","Haggerston Station","windrush","overground"
"940GZZLUHLT","Hainault","central","tube"
"HUBHMS","Hammersmith","110,190,211,218,220,267,27,295,306,533,72,9,circle,district,h91,hammersmith-city,n11,n266,n27,n33,n72,n9,n97,piccadilly","bus,tube"
"940GZZLUHSD","Hammersmith (Dist&Picc Line)","district,piccadilly","tube"
"940GZZLUHSC","Hammersmith (H&C Line)","circle,hammersmith-city","tube"
"940GZZLUHTD","Hampstead","northern","tube"
"910GHMPSTDH","Hampstead Heath","mildmay","overground"
"9100HMPSTDH0","Hampstead Heath Station","mildmay","overground"
"9100HMPSTDH1","Hampstead Heath Station","mildmay","overground"
"940GZZLUHGR","Hanger Lane","central","tube"
"9400ZZLUHGR2","Hanger Lane Station","central","tube"
"910GHANWELL","Hanwell","elizabeth","elizabeth-line"
"9100HANWELL0","Hanwell Station","elizabeth","elizabeth-line"
"910GHARLSDN","Harlesden","lioness","overground"
"940GZZLUHSN","Harlesden","bakerloo","tube"
"HUBHDN","Harlesden","bakerloo,lioness","bus,overground,tube"
"9100HARLSDN0","Harlesden Station","lioness","overground"
"9100HARLSDN1","Harlesden Station","lioness","overground"
"910GHRLDWOD","Harold Wood","elizabeth","elizabeth-line"
"9100HRLDWOD2","Harold Wood Station","elizabeth","elizabeth-line"
"910GHRGYGL","Harringay Green Lanes","suffragette","overground"
"9100HRGYGL0","Harringay Green Lanes Station","suffragette","overground"
"9100HRGYGL1","Harringay Green Lanes Station","suffragette","overground"
"910GHROW","Harrow & Wealdstone","lioness,southern,west-midlands-trains","national-rail,overground"
"940GZZLUHAW","Harrow & Wealdstone","bakerloo","tube"
"HUBHRW","Harrow & Wealdstone","bakerloo,lioness,southern,west-midlands-trains","bus,national-rail,overground,tube"
"9100HROWDC1","Harrow & Wealdstone Station","lioness","overground"
"9100HROWDC2","Harrow & Wealdstone Station","lioness","overground"
"940GZZLUHOH","Harrow-on-the-Hill","metropolitan","tube"
"HUBHOH","Harrow-on-the-Hill","114,140,182,183,186,223,258,340,395,483,640,chiltern-railways,h10,h11,h14,h17,h18,h19,h9,metropolitan,n140,n18,sl10,sl9","bus,national-rail,tube"
"9100HTCHEND0","Hatch End","lioness","overground"
"9100HTCHEND1","Hatch End","lioness","overground"
"910GHTCHEND","Hatch End","lioness","overground"
"940GZZLUHNX","Hatton Cross","piccadilly","tube"
"9400ZZLUHNX2","Hatton Cross Station","piccadilly","tube"
"910GHAYESAH","Hayes & Harlington","elizabeth,great-western-railway","elizabeth-line,national-rail"
"9100HAYESAH0","Hayes & Harlington Station","elizabeth,great-western-railway","elizabeth-line,national-rail"
"910GHEDSTNL","Headstone Lane","lioness","overground"
"9100HEDSTNL0","Headstone Lane Station","lioness","overground"
"9100HEDSTNL1","Headstone Lane Station","lioness","overground"
"HUBHX4","Heathrow Airport Terminal 4","elizabeth,piccadilly","bus,elizabeth-line,national-rail,plane,tube"
"HUBHX5","Heathrow Airport Terminal 5","350,423,482,490,elizabeth,heathrow-express,n9,piccadilly","bus,elizabeth-line,national-rail,plane,tube"
"9100HTRWTM40","Heathrow Terminal 4","elizabeth","elizabeth-line"
"910GHTRWTM4","Heathrow Terminal 4","elizabeth","elizabeth-line"
"940GZZLUHR4","Heathrow Terminal 4","piccadilly","tube"
"9100HTRWTM50","Heathrow Terminal 5","elizabeth,heathrow-express","elizabeth-line,national-rail"
"910GHTRWTM5","Heathrow Terminal 5","elizabeth,heathrow-express","elizabeth-line,national-rail"
"940GZZLUHR5","Heathrow Terminal 5","piccadilly","tube"
"9100HTRWAPT0","Heathrow Terminals 2 & 3","elizabeth,heathrow-express","elizabeth-line,national-rail"
"910GHTRWAPT","Heathrow Terminals 2 & 3","elizabeth,heathrow-express","elizabeth-line,national-rail"
"940GZZLUHRC","Heathrow Terminals 2 & 3","piccadilly","tube"
"HUBH13","Heathrow Terminals 2 & 3","105,111,278,285,a10,elizabeth,heathrow-express,n140,n9,piccadilly,sl7,sl9,u3","bus,elizabeth-line,national-rail,plane,tube"
"940GZZLUHCL","Hendon Central","northern","tube"
"9400ZZLUHCL2","Hendon Central Station","northern","tube"
"940GZZDLHEQ","Heron Quays","dlr","dlr"
"940GZZLUHBT","High Barnet","northern","tube"
"940GZZLUHSK","High Street Kensington","circle,district","tube"
"910GHGHMSPK","Highams Park","weaver","overground"
"9100HGHMSPK0","Highams Park Station","weaver","overground"
"9100HGHMSPK1","Highams Park Station","weaver","overground"
"910GHGHI","Highbury & Islington","great-northern,mildmay,windrush","national-rail,overground"
"940GZZLUHAI","Highbury & Islington","victoria","tube"
"HUBHHY","Highbury & Islington","great-northern,mildmay,victoria,windrush","bus,national-rail,overground,tube"
"9100HIGBYA3","Highbury & Islington Station","windrush","overground"
"9100HIGHBYA1","Highbury & Islington Station","mildmay","overground"
"9100HIGHBYA2","Highbury & Islington Station","mildmay,windrush","overground"
"9400ZZLUHGT2","Highgate","northern","tube"
"940GZZLUHGT","Highgate","northern","tube"
"940GZZLUHGD","Hillingdon","metropolitan,piccadilly","tube"
"940GZZLUHBN","Holborn","central,piccadilly","tube"
"940GZZLUHPK","Holland Park","central","tube"
"940GZZLUHWY","Holloway Road","153,21,263,393,43,n263,n41,piccadilly","bus,tube"
"9400ZZLUHWY2","Holloway Road Station","piccadilly","tube"
"910GHOMRTON","Homerton","mildmay","overground"
"9100HOMRTON1","Homerton Station","mildmay","overground"
"9100HOMRTON2","Homerton Station","mildmay","overground"
"910GHONROPK","Honor Oak Park","southern,windrush","national-rail,overground"
"9100HONROPK0","Honor Oak Park Station","southern,windrush","national-rail,overground"
"9100HONROPK1","Honor Oak Park Station","southern,windrush","national-rail,overground"
"940GZZLUHCH","Hornchurch","district","tube"
"940GZZLUHWC","Hounslow Central","piccadilly","tube"
"9400ZZLUHWC2","Hounslow Central Station","piccadilly","tube"
"940GZZLUHWE","Hounslow East","piccadilly","tube"
"940GZZLUHWT","Hounslow West","piccadilly","tube"
"9400ZZLUHWT2","Hounslow West Station","piccadilly","tube"
"910GHOXTON","Hoxton","windrush","overground"
"9100HOXTON0","Hoxton Station","windrush","overground"
"9100HOXTON1","Hoxton Station","windrush","overground"
"9400ZZLUHPC2","Hyde Park Corner","piccadilly","tube"
"940GZZLUHPC","Hyde Park Corner","piccadilly","tube"
"940GZZLUICK","Ickenham","metropolitan,piccadilly","tube"
"910GILFORD","Ilford","elizabeth,greater-anglia","elizabeth-line,national-rail"
"9100ILFORD2","Ilford Station","elizabeth","elizabeth-line"
"910GCSEAH","Imperial Wharf","mildmay,southern","national-rail,overground"
"HUBIMP","Imperial Wharf","mildmay,southern","bus,national-rail,overground"
"9100CSEAH0","Imperial Wharf Station","mildmay,southern","national-rail,overground"
"9100CSEAH1","Imperial Wharf Station","mildmay","overground"
"9400ZZDLISL2","Island Gardens","dlr","dlr"
"940GZZDLISL","Island Gardens","dlr","dlr"
"9100IVER1","Iver","elizabeth,great-western-railway","elizabeth-line,national-rail"
"9100IVER2","Iver","elizabeth","elizabeth-line"
"910GIVER","Iver","elizabeth,great-western-railway","elizabeth-line,national-rail"
"940GZZLUKNG","Kennington","northern","tube"
"910GKENSLG","Kensal Green","lioness","overground"
"940GZZLUKSL","Kensal Green","bakerloo","tube"
"HUBKNL","Kensal Green","bakerloo,lioness","bus,overground,tube"
"9100KENSLG0","Kensal Green Station","lioness","overground"
"9100KENSLG1","Kensal Green Station","lioness","overground"
"910GKENR","Kensal Rise","mildmay","overground"
"9100KENR0","Kensal Rise Station","mildmay","overground"
"9100KENR1","Kensal Rise Station","mildmay","overground"
"910GKENOLYM","Kensington (Olympia)","mildmay,southern","national-rail,overground"
"940GZZLUKOY","Kensington (Olympia)","district","tube"
"HUBKPA","Kensington (Olympia)","28,306,district,mildmay,n28,southern","bus,national-rail,overground,tube"
"9100KENOLYM0","Kensington (Olympia) Station","mildmay,southern","national-rail,overground"
"9100KENOLYM1","Kensington (Olympia) Station","mildmay,southern","national-rail,overground"
"940GZZLUKSH","Kentish Town","northern","tube"
"HUBKTN","Kentish Town","east-midlands-railway,northern,thameslink","bus,national-rail,tube"
"910GKNTSHTW","Kentish Town West","mildmay","overground"
"9100KNTSHTW0","Kentish Town West Station","mildmay","overground"
"9100KNTSHTW1","Kentish Town West Station","mildmay","overground"
"910GKTON","Kenton","lioness","overground"
"940GZZLUKEN","Kenton","bakerloo","tube"
"HUBKNT","Kenton","bakerloo,lioness","bus,overground,tube"
"9100KTON0","Kenton Station","lioness","overground"
"9100KTON1","Kenton Station","lioness","overground"
"910GKEWGRDN","Kew Gardens","mildmay","overground"
"940GZZLUKWG","Kew Gardens","district","tube"
"HUBKWG","Kew Gardens","district,mildmay","bus,overground,tube"
"9100KEWGRDN0","Kew Gardens Station","mildmay","overground"
"9100KEWGRDN1","Kew Gardens Station","mildmay","overground"
"940GZZLUKBN","Kilburn","jubilee","tube"
"910GKLBRNHR","Kilburn High Road","lioness","overground"
"9100KLBRNHR1","Kilburn High Road Station","lioness","overground"
"9100KLBRNHR2","Kilburn High Road Station","lioness","overground"
"940GZZLUKPK","Kilburn Park","bakerloo","tube"
"9400ZZLUKPK2","Kilburn Park Station","bakerloo","tube"
"940GZZDLKGV","King George V","dlr","dlr"
"9400ZZDLKGV2","King George V.","dlr","dlr"
"HUBKGX","King's Cross & St Pancras International","17,205,214,259,30,390,46,476,63,73,91,circle,east-midlands-railway,grand-central,great-northern,hammersmith-city,hull-trains,london-north-eastern-railway,lumo,metropolitan,n205,n63,n73,n91,northern,piccadilly,southeastern,thameslink,victoria","bus,international-rail,national-rail,tube"
"9400ZZLUKSX8","King's Cross St. Pancras","circle,hammersmith-city,metropolitan","tube"
"940GZZLUKSX","King's Cross St. Pancras","circle,hammersmith-city,metropolitan,northern,piccadilly,victoria","tube"
"940GZZLUKBY","Kingsbury","jubilee","tube"
"940GZZLUKNB","Knightsbridge","137,19,22,452,c1,n137,n19,n22,piccadilly","bus,tube"
"940GZZLULAD","Ladbroke Grove","circle,hammersmith-city","tube"
"9400ZZLULBN2","Lambeth North","bakerloo","tube"
"940GZZLULBN","Lambeth North","bakerloo","tube"
"940GZZLULGT","Lancaster Gate","central","tube"
"9400ZZLULGT2","Lancaster Gate Station","central","tube"
"940GZZDLLDP","Langdon Park","dlr","dlr"
"9100LANGLEY0","Langley (Berks)","elizabeth","elizabeth-line"
"910GLANGLEY","Langley (Berks)","elizabeth,great-western-railway","elizabeth-line,national-rail"
"940GZZLULRD","Latimer Road","circle,hammersmith-city","tube"
"940GZZLULSQ","Leicester Square","northern,piccadilly","tube"
"940GZZDLLEW","Lewisham","dlr","dlr"
"HUBLEW","Lewisham","dlr,southeastern,thameslink","bus,dlr,national-rail"
"940GZZLULYN","Leyton","central","tube"
"910GLEYTNMR","Leyton Midland Road","suffragette","overground"
"9100LEYTNMR0","Leyton Midland Road Station","suffragette","overground"
"9100LEYTNMR1","Leyton Midland Road Station","suffragette","overground"
"940GZZLULYS","Leytonstone","central","tube"
"910GLYTNSHR","Leytonstone High Road","suffragette","overground"
"9100LYTNSHR0","Leytonstone High Road Station","suffragette","overground"
"9100LYTNSHR1","Leytonstone High Road Station","suffragette","overground"
"940GZZDLLIM","Limehouse","dlr","dlr"
"HUBLHS","Limehouse","c2c,dlr","bus,dlr,national-rail"
"910GLIVSTLL","Liverpool Street","elizabeth","elizabeth-line"
"940GZZLULVT","Liverpool Street","central,circle,hammersmith-city,metropolitan","tube"
"HUBLST","Liverpool Street","c2c,central,circle,elizabeth,greater-anglia,hammersmith-city,metropolitan,weaver","bus,elizabeth-line,national-rail,overground,tube"
"9100LIVST0","Liverpool Street Station","c2c,elizabeth,greater-anglia,weaver","elizabeth-line,national-rail,overground"
"9100LIVSTLL0","Liverpool Street Station","elizabeth","elizabeth-line"
"9100LIVSTLL1","Liverpool Street Station","elizabeth","elizabeth-line"
"940GZZLULNB","London Bridge","jubilee,northern","tube"
"HUBLBG","London Bridge","133,141,149,17,21,344,35,388,43,47,jubilee,n133,n199,n21,n343,northern,southeastern,southern,thameslink","bus,national-rail,tube"
"9400ZZLULNB3","London Bridge Station","jubilee","tube"
"9400ZZLULNB4","London Bridge Station","northern","tube"
"9400ZZDLLCA2","London City Airport","dlr","dlr"
"940GZZDLLCA","London City Airport","dlr","dlr"
"HUBLCY","London City Airport","dlr","bus,dlr,plane"
"910GEUSTON","London Euston","avanti-west-coast,lioness,west-midlands-trains","national-rail,overground"
"910GLONFLDS","London Fields","greater-anglia,weaver","national-rail,overground"
"9100LONFLDS0","London Fields Station","greater-anglia,weaver","national-rail,overground"
"9100LONFLDS1","London Fields Station","greater-anglia,weaver","national-rail,overground"
"910GLIVST","London Liverpool Street","c2c,elizabeth,greater-anglia,weaver","elizabeth-line,national-rail,overground"
"910GPADTON","London Paddington","elizabeth,great-western-railway,heathrow-express","elizabeth-line,national-rail"
"940GZZLULGN","Loughton","167,20,397,677,central,w14","bus,tube"
"940GZZLUMVL","Maida Vale","bakerloo","tube"
"9400ZZLUMVL2","Maida Vale Station","bakerloo","tube"
"9100MDNHEAD0","Maidenhead","elizabeth","elizabeth-line"
"910GMDNHEAD","Maidenhead","elizabeth,great-western-railway","elizabeth-line,national-rail"
"9400ZZLUMRH2","Manor House","piccadilly","tube"
"940GZZLUMRH","Manor House","piccadilly","tube"
"910GMANRPK","Manor Park","elizabeth","elizabeth-line"
"9100MANRPK0","Manor Park Station","elizabeth","elizabeth-line"
"9100MANRPK1","Manor Park Station","elizabeth","elizabeth-line"
"940GZZLUMSH","Mansion House","circle,district","tube"
"9400ZZLUMBA2","Marble Arch","central","tube"
"940GZZLUMBA","Marble Arch","central","tube"
"910GMRYLAND","Maryland","elizabeth","elizabeth-line"
"9100MRYLAND0","Maryland Station","elizabeth","elizabeth-line"
"9100MRYLAND1","Maryland Station","elizabeth","elizabeth-line"
"940GZZLUMYB","Marylebone","bakerloo","tube"
"HUBMYB","Marylebone","bakerloo,chiltern-railways","bus,national-rail,tube"
"940GZZLUMED","Mile End","central,district,hammersmith-city","tube"
"940GZZLUMHL","Mill Hill East","northern","tube"
"940GZZLUMMT","Monument","circle,district","tube"
"940GZZLUMPK","Moor Park","metropolitan","tube"
"940GZZLUMGT","Moorgate","circle,hammersmith-city,metropolitan,northern","tube"
"HUBZMG","Moorgate","circle,great-northern,hammersmith-city,metropolitan,northern","bus,national-rail,tube"
"940GZZLUMDN","Morden","northern","tube"
"9400ZZLUMTC2","Mornington Crescent","northern","tube"
"940GZZLUMTC","Mornington Crescent","northern","tube"
"940GZZDLMUD","Mudchute","dlr","dlr"
"940GZZLUNDN","Neasden","jubilee","tube"
"9400ZZLUNDN2","Neasden Station","jubilee","tube"
"HUBNWX","New Cross","southeastern,windrush","bus,national-rail,overground"
"910GNWCRELL","New Cross ELL","southeastern,windrush","national-rail,overground"
"910GNEWXGTE","New Cross Gate","southern,windrush","national-rail,overground"
"HUBNXG","New Cross Gate","southern,windrush","bus,national-rail,overground"
"9100NEWXGTE0","New Cross Gate Station","southern,windrush","national-rail,overground"
"9100NEWXGTE2","New Cross Gate Station","southern,windrush","national-rail,overground"
"9100NWCRELL1","New Cross Station","windrush","overground"
"940GZZLUNBP","Newbury Park","central","tube"
"940GZZNEUGST","Nine Elms","northern","tube"
"940GZZLUNAN","North Acton","central","tube"
"940GZZLUNEN","North Ealing","piccadilly","tube"
"940GZZLUNGW","North Greenwich","jubilee","tube"
"HUBNGW","North Greenwich","108,129,132,161,180,188,335,422,486,jubilee,london-cable-car,n472,sl11,sl4","bus,cable-car,tube"
"940GZZLUNHA","North Harrow","metropolitan","tube"
"910GNWEMBLY","North Wembley","lioness","overground"
"940GZZLUNWY","North Wembley","bakerloo","tube"
"HUBNWB","North Wembley","bakerloo,lioness","bus,overground,tube"
"9100NWEMBLY1","North Wembley Station","lioness","overground"
"9100NWEMBLY2","North Wembley Station","lioness","overground"
"940GZZLUNFD","Northfields","piccadilly","tube"
"940GZZLUNHT","Northolt","central","tube"
"9400ZZLUNHT2","Northolt Station","central","tube"
"940GZZLUNKP","Northwick Park","metropolitan","tube"
"9400ZZLUNKP2","Northwick Park Station","metropolitan","tube"
"940GZZLUNOW","Northwood","metropolitan","tube"
"940GZZLUNWH","Northwood Hills","metropolitan","tube"
"910GNORWDJ","Norwood Junction","southeastern,southern,thameslink,windrush","national-rail,overground"
"HUBNWD","Norwood Junction","southeastern,southern,thameslink,windrush","bus,national-rail,overground"
"9100NORWDJ0","Norwood Junction Station","southern,thameslink,windrush","national-rail,overground"
"9100NORWDJ2","Norwood Junction Station","southeastern,southern,windrush","national-rail,overground"
"940GZZLUNHG","Notting Hill Gate","central,circle,district","tube"
"940GZZLUOAK","Oakwood","piccadilly","tube"
"9400ZZLUOAK2","Oakwood Station","piccadilly","tube"
"940GZZLUODS","Old Street","northern","tube"
"HUBOLD","Old Street","great-northern,northern","bus,national-rail,tube"
"9400ZZLUODS2","Old Street Station","northern","tube"
"940GZZLUOSY","Osterley","piccadilly","tube"
"940GZZLUOVL","Oval","northern","tube"
"940GZZLUOXC","Oxford Circus","bakerloo,central,victoria","tube"
"910GPADTLL","Paddington","elizabeth","elizabeth-line"
"940GZZLUPAC","Paddington","bakerloo,circle,district","tube"
"HUBPAD","Paddington","16,23,27,36,7,bakerloo,circle,district,elizabeth,great-western-railway,hammersmith-city,heathrow-express,n205,n27,n7","bus,elizabeth-line,national-rail,tube"
"940GZZLUPAH","Paddington (H&C Line)-Underground","circle,hammersmith-city","tube"
"9100PADTLL0","Paddington Station","elizabeth","elizabeth-line"
"9100PADTLL1","Paddington Station","elizabeth","elizabeth-line"
"9100PADTON0","Paddington Station","elizabeth,great-western-railway,heathrow-express","elizabeth-line,national-rail"
"940GZZLUPKR","Park Royal","piccadilly","tube"
"940GZZLUPSG","Parsons Green","district","tube"
"910GPCKHMRY","Peckham Rye","southeastern,southern,thameslink,windrush","national-rail,overground"
"9100PCKHMRY2","Peckham Rye Station","southeastern,thameslink,windrush","national-rail,overground"
"9100PKHMRYC1","Peckham Rye Station","southern,thameslink,windrush","national-rail,overground"
"910GPENEW","Penge West","southern,windrush","national-rail,overground"
"9100PENEW0","Penge West Station","southern,windrush","national-rail,overground"
"9100PENEW1","Penge West Station","southern,windrush","national-rail,overground"
"9400ZZLUPVL2","Perivale","central","tube"
"940GZZLUPVL","Perivale","central","tube"
"940GZZLUPCC","Piccadilly Circus","bakerloo,piccadilly","tube"
"940GZZLUPCO","Pimlico","victoria","tube"
"9400ZZLUPCO2","Pimlico Station","victoria","tube"
"940GZZLUPNR","Pinner","metropolitan","tube"
"940GZZLUPLW","Plaistow","district,hammersmith-city","tube"
"940GZZDLPDK","Pontoon Dock","129,241,330,dlr","bus,dlr"
"9400ZZDLPOP4","Poplar","dlr","dlr"
"940GZZDLPOP","Poplar","dlr","dlr"
"940GZZLUPRD","Preston Road","metropolitan","tube"
"9400ZZLUPRD2","Preston Road Station","metropolitan","tube"
"9400ZZDLPRE2","Prince Regent","dlr","dlr"
"940GZZDLPRE","Prince Regent","dlr","dlr"
"940GZZDLPUD","Pudding Mill Lane","dlr","dlr"
"940GZZLUPYB","Putney Bridge","district","tube"
"940GZZLUQPS","Queen's Park","bakerloo","tube"
"HUBQPW","Queen's Park","206,bakerloo,lioness","bus,national-rail,overground,tube"
"9100QPRK1","Queen's Park Station (London)","lioness","overground"
"9100QPRK2","Queen's Park Station (London)","lioness","overground"
"910GQPRK","Queens Park (London)","lioness","overground"
"910GPCKHMQD","Queens Road Peckham","southern,windrush","national-rail,overground"
"9100PCKHMQD0","Queens Road Peckham Station","southern,windrush","national-rail,overground"
"940GZZLUQBY","Queensbury","jubilee","tube"
"940GZZLUQWY","Queensway","central","tube"
"9400ZZLUQWY2","Queensway Station","central","tube"
"940GZZLURVP","Ravenscourt Park","district","tube"
"940GZZLURYL","Rayners Lane","metropolitan,piccadilly","tube"
"9100RDNGSTN0","Reading","elizabeth","elizabeth-line"
"910GRDNGSTN","Reading","elizabeth,great-western-railway,south-western-railway","elizabeth-line,national-rail"
"910GRCTRYRD","Rectory Road","greater-anglia,weaver","national-rail,overground"
"9100RCTRYD1","Rectory Road Station","greater-anglia,weaver","national-rail,overground"
"9100RCTRYRD0","Rectory Road Station","greater-anglia,weaver","national-rail,overground"
"940GZZLURBG","Redbridge","central","tube"
"9400ZZLURBG2","Redbridge Station","central","tube"
"940GZZLURGP","Regent's Park","bakerloo","tube"
"940GZZLURMD","Richmond","district","tube"
"HUBRMD","Richmond","district,mildmay,south-western-railway","bus,national-rail,overground,tube"
"910GRICHMND","Richmond (London)","mildmay,south-western-railway","national-rail,overground"
"9100RICHNLL0","Richmond Station","mildmay","overground"
"940GZZLURKW","Rickmansworth","metropolitan","tube"
"HUBRIC","Rickmansworth","chiltern-railways,metropolitan","bus,national-rail,tube"
"940GZZLURVY","Roding Valley","central","tube"
"910GROMFORD","Romford","elizabeth,greater-anglia,liberty","elizabeth-line,national-rail,overground"
"9100ROMFORD0","Romford Station","liberty","overground"
"9100ROMFORD3","Romford Station","elizabeth,greater-anglia","elizabeth-line,national-rail"
"910GRTHERHI","Rotherhithe","windrush","overground"
"9100RTHERHI1","Rotherhithe Station","windrush","overground"
"9100RTHERHI2","Rotherhithe Station","windrush","overground"
"940GZZDLRAL","Royal Albert","dlr","dlr"
"9400ZZLURYO2","Royal Oak","circle,hammersmith-city","tube"
"940GZZLURYO","Royal Oak","circle,hammersmith-city","tube"
"940GZZDLRVC","Royal Victoria","dlr","dlr"
"HUBRVC","Royal Victoria","dlr,london-cable-car","bus,cable-car,dlr"
"940GZZLURSP","Ruislip","metropolitan,piccadilly","tube"
"9400ZZLURSG2","Ruislip Gardens","central","tube"
"940GZZLURSG","Ruislip Gardens","central","tube"
"940GZZLURSM","Ruislip Manor","metropolitan,piccadilly","tube"
"940GZZLURSQ","Russell Square","piccadilly","tube"
"910GSVNKNGS","Seven Kings","elizabeth,greater-anglia","elizabeth-line,national-rail"
"9100SVNKNGS0","Seven Kings Station","elizabeth,greater-anglia","elizabeth-line,national-rail"
"9100SVNKNGS1","Seven Kings Station","elizabeth,greater-anglia","elizabeth-line,national-rail"
"910GSEVNSIS","Seven Sisters","greater-anglia,weaver","national-rail,overground"
"940GZZLUSVS","Seven Sisters","victoria","tube"
"HUBSVS","Seven Sisters","149,243,318,349,476,76,greater-anglia,n73,victoria,weaver","bus,national-rail,overground,tube"
"9100SEVNSIS0","Seven Sisters Station","greater-anglia,weaver","national-rail,overground"
"9100SEVNSIS1","Seven Sisters Station","greater-anglia,weaver","national-rail,overground"
"9100SHADWEL1","Shadwell","windrush","overground"
"9100SHADWEL2","Shadwell","windrush","overground"
"910GSHADWEL","Shadwell","windrush","overground"
"940GZZDLSHA","Shadwell","dlr","dlr"
"HUBSDE","Shadwell","dlr,windrush","bus,dlr,overground"
"9400ZZDLSHA2","Shadwell DLR","dlr","dlr"
"9100SHENFLD2","Shenfield","elizabeth,greater-anglia","elizabeth-line,national-rail"
"910GSHENFLD","Shenfield","elizabeth,greater-anglia","elizabeth-line,national-rail"
"9100SHPDSB0","Shepherd's Bush","mildmay,southern","national-rail,overground"
"9100SHPDSB1","Shepherd's Bush","mildmay","overground"
"HUBSPB","Shepherd's Bush","central,mildmay,southern","bus,national-rail,overground,tube"
"9400ZZLUSBC2","Shepherd's Bush (Central Line)","central","tube"
"940GZZLUSBC","Shepherd's Bush (Central)","central","tube"
"940GZZLUSBM","Shepherd's Bush Market","circle,hammersmith-city","tube"
"910GSHPDSB","Shepherds Bush","mildmay,southern","national-rail,overground"
"910GSHRDHST","Shoreditch High Street","windrush","overground"
"9100SHRDHST0","Shoreditch High Street Station","windrush","overground"
"9100SHRDHST1","Shoreditch High Street Station","windrush","overground"
"910GSIVRST","Silver Street","greater-anglia,weaver","national-rail,overground"
"9100SIVRST0","Silver Street Station","greater-anglia,weaver","national-rail,overground"
"9100SIVRST1","Silver Street Station","greater-anglia,weaver","national-rail,overground"
"940GZZLUSSQ","Sloane Square","circle,district","tube"
"9100SLOUGH0","Slough","elizabeth","elizabeth-line"
"910GSLOUGH","Slough","elizabeth,great-western-railway","elizabeth-line,national-rail"
"940GZZLUSNB","Snaresbrook","central","tube"
"910GSACTON","South Acton","mildmay","overground"
"9100SACTON0","South Acton Station","mildmay","overground"
"9100SACTON1","South Acton Station","mildmay","overground"
"940GZZLUSEA","South Ealing","piccadilly","tube"
"910GSHMPSTD","South Hampstead","lioness","overground"
"9100SHMPSTD0","South Hampstead Station","lioness","overground"
"9100SHMPSTD1","South Hampstead Station","lioness","overground"
"940GZZLUSHH","South Harrow","piccadilly","tube"
"940GZZLUSKS","South Kensington","circle,district,piccadilly","tube"
"910GSKENTON","South Kenton","lioness","overground"
"940GZZLUSKT","South Kenton","bakerloo","tube"
"HUBSOK","South Kenton","bakerloo,lioness","bus,overground,tube"
"9100SKENTON1","South Kenton Station","lioness","overground"
"9400ZZLUSKT2","South Kenton Station","bakerloo","tube"
"940GZZDLSOQ","South Quay","dlr","dlr"
"940GZZLUSRP","South Ruislip","central","tube"
"HUBSRU","South Ruislip","central,chiltern-railways","bus,national-rail,tube"
"9400ZZLUSRP2","South Ruislip Station","central","tube"
"910GSTOTNHM","South Tottenham","suffragette","overground"
"9100STOTNHM0","South Tottenham Station","suffragette","overground"
"9100STOTNHM1","South Tottenham Station","suffragette","overground"
"940GZZLUSWN","South Wimbledon","northern","tube"
"9400ZZLUSWN2","South Wimbledon Station","northern","tube"
"940GZZLUSWF","South Woodford","central","tube"
"910GSTHALL","Southall","elizabeth,great-western-railway","elizabeth-line,national-rail"
"9100STHALL0","Southall Station","elizabeth,great-western-railway","elizabeth-line,national-rail"
"910GSBURY","Southbury","greater-anglia,weaver","national-rail,overground"
"9100SBURY0","Southbury Station","greater-anglia,weaver","national-rail,overground"
"9100SBURY1","Southbury Station","greater-anglia,weaver","national-rail,overground"
"940GZZLUSFS","Southfields","district","tube"
"9400ZZLUSFS2","Southfields Station","district","tube"
"9400ZZLUSGT2","Southgate","piccadilly","tube"
"940GZZLUSGT","Southgate","piccadilly","tube"
"940GZZLUSWK","Southwark","jubilee","tube"
"910GSTJMSST","St James Street (London)","weaver","overground"
"9100STJMSST0","St James Street Station","weaver","overground"
"9100STJMSST1","St James Street Station","weaver","overground"
"9400ZZLUSJW2","St John's Wood Station","jubilee","tube"
"940GZZLUSJP","St. James's Park","circle,district","tube"
"940GZZLUSJW","St. John's Wood","jubilee","tube"
"940GZZLUSPU","St. Paul's","central","tube"
"940GZZLUSFB","Stamford Brook","district","tube"
"910GSTMFDHL","Stamford Hill","greater-anglia,weaver","national-rail,overground"
"9100STMFDHL0","Stamford Hill Station","greater-anglia,weaver","national-rail,overground"
"9100STMFDHL1","Stamford Hill Station","greater-anglia,weaver","national-rail,overground"
"940GZZLUSTM","Stanmore","jubilee","tube"
"940GZZDLSTL","Star Lane","276,323,dlr","bus,dlr"
"940GZZLUSGN","Stepney Green","district,hammersmith-city","tube"
"940GZZLUSKW","Stockwell","northern,victoria","tube"
"910GSTKNWNG","Stoke Newington","greater-anglia,weaver","national-rail,overground"
"9100STKNWNG0","Stoke Newington Station","greater-anglia,weaver","national-rail,overground"
"9100STKNWNG1","Stoke Newington Station","greater-anglia,weaver","national-rail,overground"
"910GSTNBGPK","Stonebridge Park","lioness","overground"
"940GZZLUSGP","Stonebridge Park","bakerloo","tube"
"HUBSBP","Stonebridge Park","bakerloo,lioness","bus,overground,tube"
"9100STNBGPK0","Stonebridge Park Station","lioness","overground"
"9100STNBGPK1","Stonebridge Park Station","lioness","overground"
"940GZZDLSTD","Stratford","dlr","dlr"
"940GZZLUSTD","Stratford","central,jubilee","tube"
"HUBSRA","Stratford","104,108,158,238,241,25,257,262,276,308,339,388,425,473,678,69,86,97,c2c,central,d8,dlr,elizabeth,greater-anglia,jubilee,mildmay,n205,n25,n8,n86","bus,dlr,elizabeth-line,international-rail,national-rail,overground,tube"
"910GSTFD","Stratford (London)","c2c,elizabeth,greater-anglia,mildmay","elizabeth-line,national-rail,overground"
"940GZZDLSHS","Stratford High Street","dlr","dlr"
"940GZZDLSIT","Stratford International","dlr","dlr"
"9100STFD4","Stratford Station","mildmay","overground"
"9100STFD5","Stratford Station","elizabeth,greater-anglia","elizabeth-line,national-rail"
"940GZZLUSUH","Sudbury Hill","piccadilly","tube"
"940GZZLUSUT","Sudbury Town","piccadilly","tube"
"910GSURREYQ","Surrey Quays","windrush","overground"
"9100SURREYQ1","Surrey Quays Station","windrush","overground"
"9100SURREYQ2","Surrey Quays Station","windrush","overground"
"940GZZLUSWC","Swiss Cottage","jubilee","tube"
"9400ZZLUSWC2","Swiss Cottage Station","jubilee","tube"
"910GSYDENHM","Sydenham","southern,windrush","national-rail,overground"
"HUBSYD","Sydenham","122,176,197,202,southern,windrush","bus,national-rail,overground"
"9100SYDENHM0","Sydenham Station","southern,windrush","national-rail,overground"
"9100SYDENHM1","Sydenham Station","southern,windrush","national-rail,overground"
"9100TAPLOW0","Taplow","elizabeth","elizabeth-line"
"910GTAPLOW","Taplow","elizabeth,great-western-railway","elizabeth-line,national-rail"
"940GZZLUTMP","Temple","circle,district","tube"
"9100THBLDSG0","Theobalds Grove","greater-anglia,weaver","national-rail,overground"
"9100THBLDSG1","Theobalds Grove","greater-anglia,weaver","national-rail,overground"
"910GTHBLDSG","Theobalds Grove","greater-anglia,weaver","national-rail,overground"
"940GZZLUTHB","Theydon Bois","central","tube"
"940GZZLUTBC","Tooting Bec","northern","tube"
"9400ZZLUTBC2","Tooting Bec Station","northern","tube"
"940GZZLUTBY","Tooting Broadway","northern","tube"
"9400ZZLUTBY2","Tooting Broadway Station","northern","tube"
"910GTOTCTRD","Tottenham Court Road","elizabeth","elizabeth-line"
"940GZZLUTCR","Tottenham Court Road","central,northern","tube"
"HUBTCR","Tottenham Court Road","central,elizabeth,northern","elizabeth-line,tube"
"9100TOTCTRD0","Tottenham Court Road Station","elizabeth","elizabeth-line"
"9100TOTCTRD1","Tottenham Court Road Station","elizabeth","elizabeth-line"
"940GZZLUTMH","Tottenham Hale","victoria","tube"
"HUBTOM","Tottenham Hale","greater-anglia,victoria","bus,national-rail,tube"
"9400ZZLUTMH2","Tottenham Hale Station","victoria","tube"
"940GZZLUTAW","Totteridge & Whetstone","northern","tube"
"940GZZDLTWG","Tower Gateway","dlr","dlr"
"HUBTOG","Tower Gateway","dlr","bus,dlr"
"9400ZZDLTWG2","Tower Gateway Station DLR","dlr","dlr"
"940GZZLUTWH","Tower Hill","circle,district","tube"
"940GZZLUTFP","Tufnell Park","northern","tube"
"910GTURKYST","Turkey Street","greater-anglia,weaver","national-rail,overground"
"9100TURKYST0","Turkey Street Station","greater-anglia,weaver","national-rail,overground"
"9100TURKYST1","Turkey Street Station","greater-anglia,weaver","national-rail,overground"
"940GZZLUTNG","Turnham Green","district,piccadilly","tube"
"940GZZLUTPN","Turnpike Lane","piccadilly","tube"
"9400ZZLUTPN2","Turnpike Lane Station","piccadilly","tube"
"9100TWYFORD0","Twyford","elizabeth","elizabeth-line"
"910GTWYFORD","Twyford","elizabeth,great-western-railway","elizabeth-line,national-rail"
"910GUPMNSTR","Upminster","c2c,liberty","national-rail,overground"
"940GZZLUUPM","Upminster","district","tube"
"HUBUPM","Upminster","248,346,370,646,652,c2c,district,liberty","bus,national-rail,overground,tube"
"9400ZZLUUPB2","Upminster Bridge","district","tube"
"940GZZLUUPB","Upminster Bridge","district","tube"
"9100UPMNSP61","Upminster Station","liberty","overground"
"940GZZLUUPY","Upney","district","tube"
"9400ZZLUUPY2","Upney Station","district","tube"
"910GUPRHLWY","Upper Holloway","suffragette","overground"
"9100UPRHLWY0","Upper Holloway Station","suffragette","overground"
"9100UPRHLWY1","Upper Holloway Station","suffragette","overground"
"940GZZLUUPK","Upton Park","district,hammersmith-city","tube"
"940GZZLUUXB","Uxbridge","metropolitan,piccadilly","tube"
"9400ZZLUVXL2","Vauxhall","victoria","tube"
"940GZZLUVXL","Vauxhall","victoria","tube"
"HUBVXH","Vauxhall","south-western-railway,victoria","bus,national-rail,tube"
"940GZZLUVIC","Victoria","circle,district,victoria","tube"
"HUBVIC","Victoria","3,38,390,52,circle,district,gatwick-express,n38,southeastern,southern,thameslink,victoria","bus,national-rail,tube"
"910GWLTWCEN","Walthamstow Central","weaver","overground"
"940GZZLUWWL","Walthamstow Central","victoria","tube"
"HUBWHC","Walthamstow Central","victoria,weaver","bus,overground,tube"
"9100WLTWCEN1","Walthamstow Central Station","weaver","overground"
"9100WLTWCEN2","Walthamstow Central Station","weaver","overground"
"910GWLTHQRD","Walthamstow Queens Road","suffragette","overground"
"9100WLTHQRD0","Walthamstow Queens Road Station","suffragette","overground"
"9100WLTHQRD1","Walthamstow Queens Road Station","suffragette","overground"
"910GWNDSWRD","Wandsworth Road","southeastern,windrush","national-rail,overground"
"9100WNDSWRD1","Wandsworth Road Station","windrush","overground"
"9100WNDSWRD2","Wandsworth Road Station","southeastern,windrush","national-rail,overground"
"940GZZLUWSD","Wanstead","central","tube"
"910GWNSTDPK","Wanstead Park","suffragette","overground"
"9100WNSTDPK0","Wanstead Park Station","suffragette","overground"
"9100WNSTDPK1","Wanstead Park Station","suffragette","overground"
"9400ZZLUWSD2","Wanstead Station","central","tube"
"910GWAPPING","Wapping","windrush","overground"
"9100WAPPING1","Wapping Station","windrush","overground"
"9100WAPPING2","Wapping Station","windrush","overground"
"940GZZLUWRR","Warren Street","northern,victoria","tube"
"9400ZZLUWKA2","Warwick Avenue","bakerloo","tube"
"940GZZLUWKA","Warwick Avenue","bakerloo","tube"
"940GZZLUWLO","Waterloo","bakerloo,jubilee,northern,waterloo-city","tube"
"HUBWAT","Waterloo","1,11,139,172,176,188,243,341,381,59,68,76,77,bakerloo,bl1,c10,jubilee,n1,n171,n381,n68,northern,sl6,south-western-railway,waterloo-city","bus,national-rail,tube"
"9400ZZLUWLO7","Waterloo Station","northern","tube"
"9400ZZLUWLO8","Waterloo Station","jubilee","tube"
"940GZZLUWAF","Watford","metropolitan","tube"
"9100WATFDHS1","Watford High Street","lioness","overground"
"9100WATFDHS2","Watford High Street","lioness","overground"
"910GWATFDHS","Watford High Street","lioness","overground"
"9100WATFJDC2","Watford Junction","lioness","overground"
"910GWATFDJ","Watford Junction","avanti-west-coast,southern,west-midlands-trains","national-rail,overground"
"910GWATFJDC","Watford Junction","lioness","overground"
"HUBWFJ","Watford Junction","avanti-west-coast,lioness,southern,west-midlands-trains","bus,national-rail,overground"
"910GWMBY","Wembley Central","lioness,southern","national-rail,overground"
"940GZZLUWYC","Wembley Central","bakerloo","tube"
"HUBWMB","Wembley Central","bakerloo,lioness,southern","bus,national-rail,overground,tube"
"9100WMBYDC1","Wembley Central Station","lioness","overground"
"9100WMBYDC2","Wembley Central Station","lioness","overground"
"940GZZLUWYP","Wembley Park","jubilee,metropolitan","tube"
"940GZZLUWTA","West Acton","central","tube"
"910GWBRMPTN","West Brompton","mildmay,southern","national-rail,overground"
"940GZZLUWBN","West Brompton","district","tube"
"HUBWBP","West Brompton","district,mildmay,southern","bus,national-rail,overground,tube"
"9100WBRMPTN0","West Brompton Station","mildmay,southern","national-rail,overground"
"9100WBRMPTN1","West Brompton Station","mildmay,southern","national-rail,overground"
"910GWCROYDN","West Croydon","southern,windrush","national-rail,overground"
"HUBWCY","West Croydon","109,154,157,166,194,198,250,264,289,367,403,407,410,450,60,64,645,689,75,n109,n250,sl6,sl7,southern,tram,windrush","bus,national-rail,overground,tram"
"9100WCROYDN2","West Croydon Station","southern,windrush","national-rail,overground"
"910GWDRYTON","West Drayton","elizabeth,great-western-railway","elizabeth-line,national-rail"
"9100WDRYTON1","West Drayton Station","elizabeth,great-western-railway","elizabeth-line,national-rail"
"910GWEALING","West Ealing","elizabeth,great-western-railway","elizabeth-line,national-rail"
"9100WEALING0","West Ealing Station","elizabeth,great-western-railway","elizabeth-line,national-rail"
"9100WEALING1","West Ealing Station","elizabeth,great-western-railway","elizabeth-line,national-rail"
"940GZZLUWFN","West Finchley","northern","tube"
"940GZZDLWHM","West Ham","dlr","dlr"
"940GZZLUWHM","West Ham","district,hammersmith-city,jubilee","tube"
"HUBWEH","West Ham","c2c,district,dlr,hammersmith-city,jubilee","bus,dlr,national-rail,tube"
"910GWHMDSTD","West Hampstead","mildmay","overground"
"9400ZZLUWHP2","West Hampstead","jubilee","tube"
"940GZZLUWHP","West Hampstead","jubilee","tube"
"HUBWHD","West Hampstead","jubilee,mildmay,thameslink","bus,national-rail,overground,tube"
"9100WHMDSTD0","West Hampstead Overground Station","mildmay","overground"
"9100WHMDSTD1","West Hampstead Overground Station","mildmay","overground"
"940GZZLUWHW","West Harrow","metropolitan","tube"
"940GZZDLWIQ","West India Quay","dlr","dlr"
"940GZZLUWKN","West Kensington","district","tube"
"940GZZLUWRP","West Ruislip","central","tube"
"HUBWRU","West Ruislip","central,chiltern-railways","bus,national-rail,tube"
"940GZZDLWSV","West Silvertown","dlr","dlr"
"940GZZLUWSP","Westbourne Park","circle,hammersmith-city","tube"
"940GZZDLWFE","Westferry","dlr","dlr"
"940GZZLUWSM","Westminster","circle,district,jubilee","tube"
"HUBWSM","Westminster","12,159,24,26,453,87,88,circle,district,jubilee,n109,n11,n136,n155,n26,n3,n381,n44,n53,n87","bus,tube"
"940GZZLUWCY","White City","central","tube"
"910GWHHRTLA","White Hart Lane","greater-anglia,weaver","national-rail,overground"
"9100WHHRTLA0","White Hart Lane Station","greater-anglia,weaver","national-rail,overground"
"9100WHHRTLA1","White Hart Lane Station","greater-anglia,weaver","national-rail,overground"
"910GWCHAPEL","Whitechapel","windrush","overground"
"910GWCHAPXR","Whitechapel","elizabeth","elizabeth-line"
"940GZZLUWPL","Whitechapel","district,hammersmith-city","tube"
"HUBZWL","Whitechapel","district,elizabeth,hammersmith-city,windrush","bus,elizabeth-line,overground,tube"
"9100WCHAPEL1","Whitechapel Station","windrush","overground"
"9100WCHAPEL2","Whitechapel Station","windrush","overground"
"9100WCHAPXR0","Whitechapel Station","elizabeth","elizabeth-line"
"9100WCHAPXR1","Whitechapel Station","elizabeth","elizabeth-line"
"940GZZLUWIG","Willesden Green","jubilee,metropolitan","tube"
"9400ZZLUWIG2","Willesden Green Station","jubilee","tube"
"9400ZZLUWIG3","Willesden Green Station","metropolitan","tube"
"910GWLSDJHL","Willesden Junction","lioness,mildmay","overground"
"940GZZLUWJN","Willesden Junction","bakerloo","tube"
"HUBWIJ","Willesden Junction","bakerloo,lioness,mildmay","bus,overground,tube"
"9100WLSDJHL1","Willesden Junction Station","mildmay","overground"
"9100WLSDNJL1","Willesden Junction Station","lioness","overground"
"940GZZLUWIM","Wimbledon","district","tube"
"HUBWIM","Wimbledon","156,200,493,93,district,n87,south-western-railway,thameslink,tram","bus,national-rail,tram,tube"
"9400ZZLUWIP2","Wimbledon Park","district","tube"
"940GZZLUWIP","Wimbledon Park","district","tube"
"940GZZLUWOG","Wood Green","piccadilly","tube"
"9400ZZLUWOG2","Wood Green Station","piccadilly","tube"
"940GZZLUWLA","Wood Lane","circle,hammersmith-city","tube"
"910GWDST","Wood Street","weaver","overground"
"9100WDST0","Wood Street Station","weaver","overground"
"9100WDST1","Wood Street Station","weaver","overground"
"940GZZLUWOF","Woodford","central","tube"
"910GWDGRNPK","Woodgrange Park","suffragette","overground"
"9100WDGRNPK0","Woodgrange Park Station","suffragette","overground"
"9100WDGRNPK1","Woodgrange Park Station","suffragette","overground"
"940GZZLUWOP","Woodside Park","northern","tube"
"910GWOLWXR","Woolwich","122,161,177,180,244,291,301,380,422,469,53,54,672,96,99,elizabeth,n1,n472,n53,sl11","bus,elizabeth-line"
"940GZZDLWLA","Woolwich Arsenal","dlr","dlr"
"HUBWWA","Woolwich Arsenal","dlr,southeastern,thameslink","bus,dlr,national-rail"
"9100WOLWXR0","Woolwich Station","elizabeth","elizabeth-line"
"9100WOLWXR1","Woolwich Station","elizabeth","elizabeth-line"
